state_code,state,period,rate_cents_kwh,month_over_month_pct,year_over_year_pct,five_year_pct,live
AL,Alabama,2026-05,16.77,-3.68,3.84,24.96,True
AK,Alaska,2026-05,28.23,3.22,8.24,22.63,True
AZ,Arizona,2026-05,15.23,-1.61,-3.06,16.79,True
AR,Arkansas,2026-05,14.36,1.41,8.87,26.63,True
CA,California,2026-05,33.25,-5.67,-0.12,46.22,True
CO,Colorado,2026-05,16.16,-2.3,3.72,28.97,True
CT,Connecticut,2026-05,27.37,-15.11,-13.36,23.79,True
DE,Delaware,2026-05,19.38,3.14,6.89,45.06,True
DC,District of Columbia,2026-05,25.4,-0.04,24.33,90.12,True
FL,Florida,2026-05,15.17,-1.37,1.34,29.0,True
GA,Georgia,2026-05,15.84,3.06,5.74,20.36,True
HI,Hawaii,2026-05,52.0,11.54,26.74,57.62,True
ID,Idaho,2026-05,12.35,-2.76,3.96,19.67,True
IL,Illinois,2026-05,23.85,16.51,28.36,68.19,True
IN,Indiana,2026-05,18.15,1.4,7.4,28.54,True
IA,Iowa,2026-05,14.14,2.02,-0.14,5.76,True
KS,Kansas,2026-05,15.13,-4.12,2.72,9.32,True
KY,Kentucky,2026-05,14.98,-0.27,8.16,26.52,True
LA,Louisiana,2026-05,14.15,-2.01,6.71,21.25,True
ME,Maine,2026-05,28.63,0.74,2.58,72.37,True
MD,Maryland,2026-05,21.77,-1.36,14.58,69.02,True
MA,Massachusetts,2026-05,28.82,-2.14,-3.61,27.02,True
MI,Michigan,2026-05,22.01,2.9,8.8,24.35,True
MN,Minnesota,2026-05,16.95,3.42,7.01,24.36,True
MS,Mississippi,2026-05,16.16,-3.58,8.89,31.92,True
MO,Missouri,2026-05,13.68,-2.36,5.15,20.21,True
MT,Montana,2026-05,14.67,5.54,13.9,30.05,True
NE,Nebraska,2026-05,13.59,2.33,3.35,20.69,True
NV,Nevada,2026-05,13.6,-4.83,2.33,22.3,True
NH,New Hampshire,2026-05,27.33,0.33,13.78,36.99,True
NJ,New Jersey,2026-05,23.27,-1.1,13.62,45.89,True
NM,New Mexico,2026-05,14.12,-6.8,-2.62,7.21,True
NY,New York,2026-05,29.93,1.63,12.14,50.18,True
NC,North Carolina,2026-05,15.09,-7.14,5.38,29.53,True
ND,North Dakota,2026-05,13.61,10.2,3.89,13.8,True
OH,Ohio,2026-05,19.52,0.15,14.22,50.27,True
OK,Oklahoma,2026-05,13.38,0.53,3.4,22.98,True
OR,Oregon,2026-05,16.27,3.11,2.26,39.9,True
PA,Pennsylvania,2026-05,21.55,0.37,11.72,55.6,True
RI,Rhode Island,2026-05,29.46,4.1,1.59,41.63,True
SC,South Carolina,2026-05,16.18,-5.16,5.0,25.52,True
SD,South Dakota,2026-05,15.73,8.33,9.77,20.17,True
TN,Tennessee,2026-05,14.47,-3.15,5.39,26.6,True
TX,Texas,2026-05,16.44,-3.24,5.86,35.98,True
UT,Utah,2026-05,12.96,-2.48,2.86,29.21,True
VT,Vermont,2026-05,24.89,1.34,4.8,27.18,True
VA,Virginia,2026-05,17.61,1.32,15.4,46.02,True
WA,Washington,2026-05,14.95,4.11,9.52,46.43,True
WV,West Virginia,2026-05,16.8,4.61,3.83,33.76,True
WI,Wisconsin,2026-05,19.74,2.76,4.22,29.1,True
WY,Wyoming,2026-05,14.8,0.82,7.09,29.71,True
